,label
0,male
1,female
2,male
3,male
4,male
5,male
6,male
7,male
8,male
9,female
10,male
11,female
12,male
13,male
14,female
15,male
16,male
17,male
18,female
19,male
20,male
21,male
22,male
23,male
24,male
25,male
26,male
27,male
28,male
29,male
30,male
31,male
32,female
33,female
34,male
35,male
36,male
37,female
38,male
39,male
40,male
41,male
42,male
43,male
44,male
45,female
46,male
47,male
48,male
49,female
50,female
51,male
52,male
53,male
54,male
55,female
56,male
57,male
58,male
59,male
60,female
61,female
62,female
63,male
64,female
65,female
66,female
67,female
68,male
69,female
70,female
71,female
72,male
73,male
74,female
75,male
76,male
77,male
78,male
79,male
80,male
81,female
82,male
83,male
84,male
85,female
86,male
87,female
88,female
89,female
90,male
91,female
92,male
93,male
94,female
95,male
96,male
97,female
98,female
99,female
100,male
101,male
102,male
103,male
104,male
105,male
106,female
107,female
108,female
109,female
110,male
111,male
112,male
113,male
114,female
115,female
116,female
117,female
118,female
119,male
120,male
121,female
122,male
123,female
124,male
125,female
126,male
127,female
128,female
129,female
130,female
131,male
132,female
133,female
134,male
135,male
136,male
137,male
138,male
139,male
140,male
141,male
142,male
143,male
144,female
145,male
146,male
147,male
148,male
149,male
150,female
151,male
152,male
153,male
154,male
155,male
156,female
157,male
158,male
159,female
160,female
161,male
162,male
163,female
164,female
165,male
166,male
167,male
168,female
169,male
170,female
171,male
172,male
173,male
174,male
175,male
176,male
177,female
178,male
179,female
180,female
181,male
182,female
183,male
184,male
185,male
186,male
187,female
188,male
189,male
190,male
191,male
192,female
193,male
194,male
195,male
196,female
197,male
198,male
199,female
200,female
201,male
202,male
203,male
204,female
205,female
206,male
207,male
208,male
209,male
210,male
211,male
212,male
213,female
214,male
215,male
216,female
217,male
218,male
219,male
220,male
221,female
222,female
223,male
224,male
225,male
226,female
227,male
228,female
229,male
230,male
231,female
232,male
233,male
234,female
235,male
236,male
237,male
238,female
239,female
240,female
241,female
242,male
243,male
244,male
245,female
246,female
247,male
248,female
249,female
250,male
251,female
252,male
253,male
254,male
255,male
256,male
257,female
258,female
259,male
260,male
261,male
262,female
263,male
264,male
265,female
266,male
267,male
268,male
269,male
270,female
271,male
272,male
273,male
274,female
275,female
276,male
277,female
278,male
279,male
280,male
281,male
282,male
283,male
284,female
285,female
286,male
287,female
288,female
289,female
290,male
291,male
292,female
293,male
294,male
295,male
296,male
297,male
298,male
299,female
300,male
301,male
302,male
303,male
304,female
305,male
306,male
307,male
308,male
309,male
310,male
311,female
312,female
313,male
314,male
315,male
316,female
317,male
318,female
319,female
320,female
321,male
322,male
323,male
324,female
325,male
326,female
327,male
328,female
329,female
330,female
331,male
332,female
333,male
334,female
335,male
336,male
337,male
338,male
339,female
340,male
341,male
342,male
343,male
344,male
345,male
346,male
347,male
348,male
349,female
350,female
351,male
352,male
353,male
354,male
355,female
356,female
357,male
358,female
359,male
360,female
361,female
362,female
363,male
364,male
365,male
366,female
367,male
368,female
369,male
370,female
371,male
372,female
373,female
374,female
375,male
376,male
377,male
378,male
379,male
380,male
381,female
382,female
383,female
384,female
385,female
386,male
387,female
388,male
389,male
390,male
391,male
392,male
393,male
394,male
395,male
396,female
397,female
398,female
399,male
400,female
401,male
402,male
403,male
404,male
405,male
406,male
407,male
408,male
409,female
410,female
411,male
412,female
413,male
414,female
415,male
416,female
417,male
418,male
419,female
420,male
421,male
422,male
423,male
424,female
425,male
426,male
427,female
428,male
429,male
430,female
431,male
432,female
433,male
434,male
435,male
436,male
437,female
438,female
439,female
440,female
441,male
442,male
443,male
444,female
445,male
446,male
447,female
448,male
449,male
450,female
451,female
452,male
453,male
454,female
455,female
456,female
457,male
458,female
459,male
460,female
461,male
462,female
463,female
464,male
465,male
466,female
467,female
468,female
469,male
470,female
471,male
472,male
473,male
474,male
475,male
476,female
477,male
478,female
479,male
480,male
481,male
482,male
483,male
484,female
485,male
486,male
487,female
488,male
489,male
490,female
491,male
492,female
493,male
494,male
495,male
496,male
497,male
498,female
499,female
500,female
501,male
502,male
503,female
504,female
505,female
506,female
507,female
508,male
509,male
510,female
511,female
512,female
513,male
514,male
515,male
516,male
517,female
518,male
519,male
520,female
521,male
522,male
523,male
524,female
525,male
526,female
527,male
528,male
529,male
530,female
531,male
532,female
533,female
534,male
535,female
536,female
537,male
538,male
539,male
540,male
541,male
542,male
543,female
544,male
545,female
546,male
547,male
548,male
549,male
550,male
551,male
552,female
553,female
554,female
555,male
556,male
557,male
558,male
559,male
560,male
561,female
562,male
563,male
564,male
565,male
566,female
567,female
568,female
569,male
570,male
571,male
572,female
573,male
574,male
575,male
576,female
577,female
578,male
579,female
580,male
581,male
582,female
583,male
584,male
585,female
586,male
587,male
588,male
589,male
590,male
591,male
592,female
593,male
594,male
595,female
596,male
597,male
598,female
599,female
600,male
601,male
602,female
603,male
604,male
605,female
606,male
607,male
608,male
609,male
610,male
611,female
612,male
613,female
614,male
615,male
616,male
617,male
618,female
619,male
620,male
621,female
622,male
623,male
624,male
625,female
626,female
627,male
628,female
629,female
630,male
631,male
632,female
633,female
634,female
635,male
636,female
637,male
638,female
639,female
640,female
641,male
642,male
643,female
644,female
645,male
646,female
647,female
648,male
649,male
650,female
651,male
652,male
653,male
654,female
655,male
656,female
657,male
658,female
659,male
660,male
661,male
662,male
663,male
664,female
665,male
666,female
667,female
668,male
669,male
670,male
671,male
672,male
673,female
674,male
675,male
676,male
677,male
678,male
679,male
680,male
681,male
682,male
683,male
684,female
685,male
686,male
687,female
688,male
689,female
690,male
691,male
692,male
693,female
694,male
695,female
696,male
697,male
698,female
699,female
700,male
701,male
702,male
703,female
704,female
705,male
706,female
707,male
708,male
709,female
710,female
711,male
712,female
713,male
714,female
715,male
716,male
717,male
718,female
719,male
720,female
721,male
722,male
723,male
724,female
725,male
726,female
727,male
728,female
729,female
730,female
731,female
732,male
733,male
734,male
735,female
736,male
737,male
738,female
739,female
740,male
741,male
742,female
743,female
744,male
745,female
746,male
747,male
748,male
749,male
750,female
751,male
752,male
753,female
754,female
755,male
756,female
757,female
758,male
759,female
760,female
761,male
762,male
763,male
764,male
765,female
766,female
767,male
768,female
769,male
770,female
771,female
772,male
773,male
774,female
775,female
776,male
777,female
778,male
779,female
780,male
781,female
782,male
783,male
784,male
785,male
786,female
787,female
788,female
789,male
790,male
791,male
792,male
793,female
794,male
795,female
796,male
797,male
798,male
799,female
800,male
801,male
802,male
803,female
804,female
805,male
806,male
807,male
808,female
809,male
810,female
811,male
812,female
813,male
814,male
815,male
816,male
817,male
818,male
819,female
820,male
821,male
822,male
823,male
824,male
825,male
826,female
827,male
828,female
829,female
830,male
831,male
832,male
833,female
834,female
835,female
836,male
837,male
838,female
839,male
840,male
841,female
842,female
843,male
844,male
845,male
846,male
847,male
848,male
849,male
850,female
851,male
852,male
853,male
854,female
855,male
856,male
857,male
858,female
859,female
860,female
861,female
862,male
863,female
864,male
865,male
866,male
867,male
868,male
869,female
870,female
871,female
872,male
873,male
874,male
875,male
876,male
877,male
878,male
879,male
880,male
881,male
882,female
883,female
884,male
885,male
886,male
887,male
888,male
889,female
890,male
891,male
892,male
893,female
894,male
895,female
896,male
897,female
898,female
899,female
900,female
901,female
902,male
903,male
904,female
905,male
906,male
907,female
908,female
909,female
910,male
911,male
912,male
913,female
914,female
915,female
916,female
917,female
918,male
919,male
920,female
921,female
922,female
923,male
924,male
925,female
926,female
927,female
928,male
929,male
930,male
931,male
932,male
933,female
934,female
935,female
936,male
937,female
938,male
939,male
940,female
941,male
942,male
943,male
944,male
945,male
946,male
947,female
948,male
949,male
950,female
951,female
952,male
953,male
954,female
955,female
956,male
957,female
958,male
959,male
960,female
961,male
962,male
963,male
964,male
965,male
966,female
967,female
968,female
969,male
970,female
971,male
972,female
973,male
974,male
975,male
976,male
977,female
978,male
979,female
980,male
981,female
982,male
983,male
984,male
985,male
986,female
987,male
988,male
989,female
990,female
991,female
992,female
993,male
994,male
995,male
996,male
997,female
998,female
999,male
1000,male
1001,female
1002,female
1003,female
1004,male
1005,female
1006,male
1007,male
1008,male
1009,male
1010,female
1011,male
1012,female
1013,female
1014,female
1015,female
1016,female
1017,female
1018,male
1019,male
1020,male
1021,female
1022,male
1023,male
1024,male
1025,male
1026,female
1027,female
1028,female
1029,female
1030,female
1031,female
1032,female
1033,male
1034,female
1035,male
1036,female
1037,female
1038,male
1039,female
1040,female
1041,female
1042,male
1043,male
1044,female
1045,female
1046,male
1047,female
1048,male
1049,female
1050,male
1051,female
1052,female
1053,female
1054,male
1055,male
1056,male
1057,female
1058,male
1059,female
1060,female
1061,male
1062,female
1063,male
1064,male
1065,male
1066,male
1067,male
1068,female
1069,female
1070,male
1071,female
1072,female
1073,female
1074,male
1075,male
1076,female
1077,male
1078,male
1079,male
1080,male
1081,male
1082,male
1083,male
1084,male
1085,male
1086,male
1087,female
1088,female
1089,female
1090,male
1091,male
1092,female
1093,female
1094,female
1095,male
1096,male
1097,male
1098,female
1099,male
1100,female
1101,female
1102,female
1103,female
1104,female
1105,male
1106,female
1107,male
1108,male
1109,female
1110,female
1111,male
1112,female
1113,female
1114,female
1115,female
1116,male
1117,male
1118,male
1119,female
1120,male
1121,male
1122,female
1123,male
1124,male
1125,female
1126,male
1127,female
1128,female
1129,male
1130,female
1131,female
1132,male
1133,female
1134,male
1135,male
1136,male
1137,male
1138,female
1139,female
1140,male
1141,female
1142,male
1143,male
1144,female
1145,male
1146,female
1147,male
1148,male
1149,female
1150,male
1151,female
1152,male
1153,male
1154,male
1155,female
1156,female
1157,male
1158,male
1159,male
1160,male
1161,male
1162,female
1163,male
1164,male
1165,male
1166,female
1167,female
1168,female
1169,male
1170,male
1171,female
1172,female
1173,female
1174,male
1175,male
1176,male
1177,female
1178,male
1179,female
1180,male
1181,male
1182,female
1183,male
1184,male
1185,male
1186,female
1187,female
1188,male
1189,male
1190,male
1191,female
1192,female
1193,female
1194,male
1195,female
1196,female
1197,male
1198,female
1199,male
1200,female
1201,male
1202,male
1203,male
1204,female
1205,male
1206,female
1207,male
1208,male
1209,male
1210,female
1211,male
1212,female
1213,female
1214,female
1215,male
1216,male
1217,male
1218,male
1219,male
1220,male
1221,female
1222,male
1223,male
1224,female
1225,male
1226,male
1227,male
1228,female
1229,female
1230,female
1231,female
1232,male
1233,male
1234,female
1235,male
1236,female
1237,male
1238,female
1239,male
1240,male
1241,male
1242,male
1243,male
1244,male
1245,female
1246,female
1247,male
1248,female
1249,female
1250,male
1251,female
1252,female
1253,female
1254,female
1255,female
1256,male
1257,male
1258,female
1259,male
1260,female
1261,female
1262,female
1263,female
1264,female
1265,male
1266,female
1267,female
1268,male
1269,male
1270,male
1271,female
1272,male
1273,male
1274,male
1275,female
1276,male
1277,male
1278,male
1279,male
1280,female
1281,female
1282,male
1283,male
1284,female
1285,female
1286,female
1287,male
1288,male
1289,male
1290,male
1291,female
1292,male
1293,male
1294,male
1295,male
1296,female
1297,male
1298,male
1299,female
1300,male
1301,male
1302,female
1303,male
1304,female
1305,female
1306,female
1307,female
1308,female
1309,female
1310,male
1311,male
1312,female
1313,female
1314,male
1315,male
1316,male
1317,female
1318,female
1319,female
1320,male
1321,male
1322,female
1323,male
1324,male
1325,female
1326,male
1327,female
1328,male
1329,female
1330,male
1331,male
1332,male
1333,male
1334,male
1335,male
1336,male
1337,male
1338,male
1339,male
1340,female
1341,male
1342,male
1343,male
1344,male
1345,male
1346,male
1347,female
1348,male
1349,male
1350,male
1351,male
1352,male
1353,male
1354,male
1355,female
1356,male
1357,male
1358,male
1359,male
1360,male
1361,female
1362,male
1363,male
1364,male
1365,male
1366,male
1367,male
1368,female
1369,female
1370,female
1371,female
1372,female
1373,male
1374,female
1375,male
1376,female
1377,female
1378,female
1379,male
1380,male
1381,female
1382,male
1383,male
1384,female
1385,male
1386,female
1387,male
1388,male
1389,female
1390,male
1391,male
1392,male
1393,male
1394,male
1395,male
1396,male
1397,male
1398,male
1399,female
1400,male
1401,male
1402,male
1403,male
1404,male
1405,female
1406,female
1407,male
1408,male
1409,male
1410,male
1411,male
1412,male
1413,male
1414,female
1415,male
1416,male
1417,female
1418,female
1419,male
1420,male
1421,male
1422,female
1423,male
1424,female
1425,female
1426,male
1427,male
1428,female
1429,male
1430,male
1431,female
1432,male
1433,male
1434,female
1435,male
1436,female
1437,male
1438,female
1439,female
1440,male
1441,male
1442,male
1443,male
1444,female
1445,female
1446,male
1447,male
1448,female
1449,female
1450,male
1451,male
1452,male
1453,female
1454,male
1455,male
1456,female
1457,female
1458,female
1459,male
1460,male
1461,male
1462,female
1463,male
1464,male
1465,male
1466,male
1467,male
1468,male
1469,male
1470,male
1471,female
1472,female
1473,female
1474,male
1475,male
1476,male
1477,male
1478,female
1479,male
1480,female
1481,male
1482,male
1483,male
1484,male
1485,male
1486,male
1487,male
1488,male
1489,male
1490,male
1491,male
1492,male
1493,female
1494,male
1495,male
1496,female
1497,male
1498,male
1499,male
1500,male
1501,female
1502,male
1503,female
1504,male
1505,male
1506,male
1507,male
1508,female
1509,male
1510,male
1511,male
1512,female
1513,male
1514,male
1515,female
1516,female
1517,male
1518,female
1519,male
1520,male
1521,male
1522,female
1523,male
1524,male
1525,male
1526,female
1527,female
1528,male
1529,female
1530,male
1531,female
1532,female
1533,male
1534,male
1535,male
1536,male
1537,male
1538,male
1539,male
1540,male
1541,female
1542,female
1543,male
1544,male
1545,male
1546,male
1547,male
1548,male
1549,female
1550,male
1551,male
1552,female
1553,male
1554,male
1555,male
1556,male
1557,male
1558,female
1559,male
1560,female
1561,male
1562,male
1563,male
1564,male
1565,female
1566,male
1567,male
1568,female
1569,female
1570,male
1571,male
1572,female
1573,female
1574,male
1575,male
1576,female
1577,male
1578,male
1579,male
1580,female
1581,male
1582,female
1583,female
1584,male
1585,male
1586,male
1587,male
1588,male
1589,male
1590,male
1591,female
1592,female
1593,male
1594,male
1595,female
1596,female
1597,male
1598,male
1599,male
1600,male
1601,female
1602,male
1603,male
1604,male
1605,male
1606,female
1607,female
1608,female
1609,female
1610,male
1611,male
1612,male
1613,male
1614,male
1615,male
1616,female
1617,female
1618,male
1619,male
1620,male
1621,male
1622,male
1623,male
1624,female
1625,female
1626,male
1627,male
1628,male
1629,male
1630,male
1631,male
1632,female
1633,male
1634,male
1635,female
1636,female
1637,female
1638,male
1639,female
1640,female
1641,male
1642,male
1643,female
1644,female
1645,female
1646,male
1647,male
1648,male
1649,male
1650,male
1651,male
1652,male
1653,male
1654,female
1655,male
1656,female
1657,female
1658,female
1659,female
1660,male
1661,male
1662,male
1663,female
1664,female
1665,female
1666,male
1667,female
1668,male
1669,male
1670,female
1671,male
1672,male
1673,female
1674,male
1675,female
1676,male
1677,male
1678,female
1679,female
1680,female
1681,female
1682,male
1683,male
1684,female
1685,female
1686,male
1687,female
1688,female
1689,male
1690,female
1691,male
1692,male
1693,male
1694,male
1695,male
1696,female
1697,female
1698,male
1699,male
1700,male
1701,female
1702,female
1703,female
1704,male
1705,male
1706,male
1707,male
1708,male
1709,male
1710,male
1711,male
1712,male
1713,male
1714,female
1715,male
1716,female
1717,male
1718,male
1719,female
1720,male
1721,male
1722,female
1723,female
1724,male
1725,female
1726,female
1727,male
1728,male
1729,male
1730,male
1731,male
1732,female
1733,male
1734,female
1735,female
1736,male
1737,male
1738,male
1739,female
1740,female
1741,female
1742,male
1743,male
1744,male
1745,male
1746,male
1747,female
1748,female
1749,male
1750,male
1751,male
1752,female
1753,male
1754,male
1755,male
1756,female
1757,female
1758,male
1759,male
1760,male
1761,female
1762,male
1763,male
1764,female
1765,male
1766,male
1767,male
1768,female
1769,male
1770,male
1771,female
1772,female
1773,male
1774,female
1775,female
1776,male
1777,male
1778,female
1779,male
1780,male
1781,male
1782,female
1783,female
1784,male
1785,male
1786,male
1787,female
1788,male
1789,female
1790,female
1791,female
1792,female
1793,female
1794,male
1795,male
1796,female
1797,female
1798,male
1799,male
1800,female
1801,female
1802,male
1803,female
1804,female
1805,male
1806,female
1807,female
1808,female
1809,male
1810,male
1811,female
1812,female
1813,female
1814,male
1815,male
1816,male
1817,male
1818,female
1819,female
1820,female
1821,male
1822,male
1823,male
1824,female
1825,female
1826,male
1827,male
1828,male
1829,female
1830,male
1831,female
1832,male
1833,male
1834,male
1835,female
1836,female
1837,male
1838,male
1839,female
1840,female
1841,male
1842,male
1843,male
1844,male
1845,male
1846,female
1847,female
1848,male
1849,female
1850,male
1851,female
1852,male
1853,male
1854,male
1855,male
1856,female
1857,female
1858,female
1859,female
1860,female
1861,male
1862,male
1863,male
1864,female
1865,male
1866,female
1867,female
1868,male
1869,male
1870,male
1871,male
1872,male
1873,male
1874,male
1875,female
1876,female
1877,male
1878,male
1879,male
1880,female
1881,male
1882,male
1883,male
1884,male
1885,male
1886,male
1887,male
1888,male
1889,male
1890,male
1891,male
1892,male
1893,female
1894,female
1895,male
1896,male
1897,female
1898,female
1899,female
1900,male
1901,female
1902,male
1903,female
1904,male
1905,female
1906,female
1907,male
1908,male
1909,male
1910,female
1911,male
1912,male
1913,female
1914,female
1915,female
1916,female
1917,female
1918,female
1919,male
1920,male
1921,male
1922,female
1923,male
1924,male
1925,female
1926,male
1927,male
1928,female
1929,male
1930,male
1931,female
1932,male
1933,male
1934,female
1935,male
1936,male
1937,female
1938,male
1939,male
1940,male
1941,male
1942,male
1943,male
1944,female
1945,male
1946,male
1947,female
1948,male
1949,female
1950,female
1951,male
1952,female
1953,male
1954,male
1955,male
1956,male
1957,male
1958,male
1959,female
1960,male
1961,male
1962,male
1963,male
1964,female
1965,male
1966,male
1967,female
1968,male
1969,male
1970,male
1971,male
1972,female
1973,male
1974,female
1975,male
1976,female
1977,male
1978,male
1979,male
1980,female
1981,male
1982,male
1983,female
1984,male
1985,female
1986,male
1987,male
1988,male
1989,male
1990,male
1991,female
1992,female
1993,male
1994,male
1995,female
1996,male
1997,female
1998,male
1999,female
2000,male
2001,male
2002,male
2003,male
2004,female
2005,male
2006,male
2007,female
2008,male
2009,male
2010,male
2011,female
2012,female
2013,male
2014,male
2015,female
2016,male
2017,male
2018,female
2019,male
2020,female
2021,male
2022,female
2023,female
2024,male
2025,male
2026,male
2027,female
2028,female
2029,female
2030,male
2031,female
2032,female
2033,female
2034,female
2035,male
2036,male
2037,female
2038,male
2039,male
2040,female
2041,female
2042,female
2043,male
2044,male
2045,female
2046,female
2047,male
2048,male
2049,male
2050,male
2051,female
2052,male
2053,female
2054,male
2055,male
2056,male
2057,male
2058,male
2059,male
2060,female
2061,male
2062,male
2063,male
2064,male
2065,male
2066,male
2067,female
2068,male
2069,male
2070,female
2071,female
2072,female
2073,male
2074,male
2075,male
2076,male
2077,male
2078,male
2079,female
2080,male
2081,female
2082,male
2083,male
2084,female
2085,female
2086,male
2087,female
2088,female
2089,male
2090,male
2091,male
2092,female
2093,male
2094,female
2095,male
2096,female
2097,male
2098,male
2099,female
2100,male
2101,female
2102,male
2103,female
2104,male
2105,female
2106,female
2107,male
2108,female
2109,male
2110,male
2111,male
2112,female
2113,female
2114,male
2115,male
2116,male
2117,male
2118,male
2119,male
2120,male
2121,female
2122,male
2123,male
2124,female
2125,male
2126,male
2127,male
2128,male
2129,female
2130,male
2131,male
2132,male
2133,female
2134,male
2135,male
2136,female
2137,female
2138,male
2139,male
2140,male
2141,male
2142,female
2143,female
2144,male
2145,male
2146,male
2147,male
2148,female
2149,male
2150,male
2151,female
2152,female
2153,female
2154,female
2155,male
2156,male
2157,male
2158,female
2159,female
2160,male
2161,female
2162,male
2163,male
2164,female
2165,female
2166,male
2167,female
2168,female
2169,male
2170,female
2171,female
2172,male
2173,male
2174,male
2175,male
2176,female
2177,male
2178,female
2179,male
2180,female
2181,female
2182,male
2183,female
2184,male
2185,male
2186,male
2187,female
2188,male
2189,male
2190,male
2191,male
2192,male
2193,female
2194,male
2195,female
2196,female
2197,male
2198,male
2199,male
2200,female
2201,female
2202,male
2203,male
2204,male
2205,female
2206,female
2207,female
2208,female
2209,female
2210,female
2211,male
2212,male
2213,male
2214,male
2215,female
2216,female
2217,male
2218,female
2219,male
2220,female
2221,male
2222,male
2223,male
2224,male
2225,male
2226,female
2227,male
2228,male
2229,female
2230,female
2231,male
2232,female
2233,male
2234,male
2235,female
2236,female
2237,female
2238,male
2239,male
2240,male
2241,male
2242,female
2243,male
2244,female
2245,male
2246,male
2247,female
2248,female
2249,female
2250,male
2251,male
2252,male
2253,male
2254,male
2255,female
2256,female
2257,male
2258,female
2259,female
2260,male
2261,female
2262,female
2263,male
2264,male
2265,female
2266,male
2267,male
2268,male
2269,female
2270,male
2271,female
2272,male
2273,female
2274,female
2275,female
2276,female
2277,female
2278,male
2279,female
2280,male
2281,female
2282,male
2283,female
2284,male
2285,female
2286,female
2287,female
2288,male
2289,female
2290,male
2291,male
2292,female
2293,female
2294,male
2295,male
2296,female
2297,male
2298,female
2299,male
2300,male
2301,male
2302,male
2303,female
2304,female
